Batch,Agent,Date,Retail_ID,Location,Retailer,GPU model,GPU Category,Manufacturer,Variant,Price,Currency,Price_type,Availability,Quantity,Restock_date,Source,Confidence,Evidence
1,Princess,9/10/2026,MY09Y0,"5201 US-280 W, Birmingham, AL 35242",Best Buy Birmingham,RTX 5070,desktop_discrete,MSI,Not stated,849.0,USD,Not stated,in_stock,1,Not stated,Call transcript,high,“I have the 5070 by both MSI priced at $849” and “one of each.”
1,Princess,9/10/2026,MY09Y0,"5201 US-280 W, Birmingham, AL 35242",Best Buy Birmingham,RTX 5070,desktop_discrete,PNY,Not stated,799.0,USD,Not stated,in_stock,1,Not stated,Call transcript,high,“PNY at $799” and “one of each.”
1,Princess,9/10/2026,MY09Y0,"5201 US-280 W, Birmingham, AL 35242",Best Buy Birmingham,RTX 5060 Ti,desktop_discrete,ASUS,Not stated,799.0,USD,Not stated,in_stock,Not stated,Not stated,Call transcript,high,"“Yes, it does look like I have that one available as well. It's priced at $799.” / “It is Asus.”"
1,Princess,9/10/2026,MY09Y0,"5201 US-280 W, Birmingham, AL 35242",Best Buy Birmingham,Radeon RX 9070 XT,desktop_discrete,Not stated,Not stated,,USD,Not stated,order_required,Not stated,Not stated,Call transcript,medium,"Customer asks for “9070XT”; agent says “No, that one we would have to order.”"
1,Francyn,9/10/2026,B44RU3,"5072 Pinnacle Sq, Birmingham, AL 35235",Best Buy Trussville,RTX 5060,desktop_discrete,PNY,NVIDIA GeForce,449.99,USD,Retail_price,in_stock,1,Not stated,Call transcript,high,"“I have one on this one, on this model.” / “$449.99 for the 5060, RTX 5060.”"
1,Francyn,9/10/2026,B44RU3,"5072 Pinnacle Sq, Birmingham, AL 35235",Best Buy Trussville,RTX 5070,desktop_discrete,PNY,NVIDIA GeForce,799.0,USD,Retail_price,in_stock,Not stated,Not stated,Call transcript,high,"“For the 5070, the price will be... 799.” / “I have it for delivery only. It will be free delivery tomorrow.”"
1,Francyn,9/10/2026,B44RU3,"5072 Pinnacle Sq, Birmingham, AL 35235",Best Buy Trussville,RTX 5070 Ti,desktop_discrete,PNY,Not stated,,USD,Not stated,in_stock,Not stated,Not stated,Call transcript,medium,"“One for $1,199, that will be the PNY.”"
1,Francyn,9/10/2026,B44RU3,"5072 Pinnacle Sq, Birmingham, AL 35235",Best Buy Trussville,RTX 5070 Ti,desktop_discrete,MSI,Not stated,,USD,Not stated,in_stock,Not stated,Not stated,Call transcript,low,Transcript: “I have the MS Piper 1000 $149.99” — wording is unclear/corrupted.
1,Francyn,9/10/2026,B44RU3,"5072 Pinnacle Sq, Birmingham, AL 35235",Best Buy Trussville,RTX 5070 Ti,desktop_discrete,Gigabyte,Not stated,,USD,Not stated,in_stock,Not stated,Not stated,Call transcript,high,"“$1,249.99.” / “A gigabyte exactly.”"
1,Francyn,9/10/2026,B44RU3,"5072 Pinnacle Sq, Birmingham, AL 35235",Best Buy Trussville,RTX 5070 Ti,desktop_discrete,MSI,Not stated,,USD,Not stated,in_stock,Not stated,Not stated,Call transcript,high,"“Also, I have another MSI... that's the same price.”"
1,Francyn,9/10/2026,B44RU3,"5072 Pinnacle Sq, Birmingham, AL 35235",Best Buy Trussville,Radeon RX 9070,desktop_discrete,AMD / ASRock,Not stated,669.99,USD,Not stated,in_stock,Not stated,Not stated,Call transcript,high,“RX 9070 for $669.99.” / “it's AMD exactly. The brand on this one is ASRock.” / “This one is for delivery.”
1,Francyn,9/10/2026,B44RU3,"5072 Pinnacle Sq, Birmingham, AL 35235",Best Buy Trussville,Radeon RX 9070,desktop_discrete,AMD / Gigabyte,Not stated,549.99,USD,Listed_price,out_of_stock,Not stated,Next Wednesday,Call transcript,high,“This is a gigabyte. The price is $549.99.” / “we don't have it on inventory for pickup” / “Next Wednesday.”
1,Francyn,9/10/2026,TVCBO3,"2070 7th Ave E, Tuscaloosa, AL",Best Buy Tuscaloosa,RTX 5090,desktop_discrete,ASUS,Not stated,,USD,Not stated,in_stock,1,Not stated,Call transcript,high,"“We do have one RTX 5090, which is available for shipping.” / “Gonna be $3,699.99.” / “the 5090 is gonna be Asus brand.”"
1,Francyn,9/10/2026,TVCBO3,"2070 7th Ave E, Tuscaloosa, AL",Best Buy Tuscaloosa,RTX 5080,desktop_discrete,PNY,"16GB, triple fan",,USD,Not stated,in_stock,1,Not stated,Call transcript,medium,"“RTX 5080 16GB of RAM graphics card with a triple fan.” / “The brand of the 3080 is gonna be PNY.” / $1,699.99"
1,Francyn,9/10/2026,TVCBO3,"2070 7th Ave E, Tuscaloosa, AL",Best Buy Tuscaloosa,Radeon RX 6900,desktop_discrete,Gigabyte,16GB VRAM,649.99,USD,Not stated,in_stock,Not stated,Not stated,Call transcript,medium,"“Radeon RX 6900” / “the brand is Gigabyte” / “$649.99, which is not available for pickup, but I can help you with the shipping.”"
1,Francyn,9/10/2026,TVCBO3,"2070 7th Ave E, Tuscaloosa, AL",Best Buy Tuscaloosa,Radeon RX 9070,desktop_discrete,Not stated,Not stated,899.0,USD,Not stated,in_stock,Not stated,Not stated,Call transcript,medium,"“We don't have the 90, sorry, 9070” / “that's gonna cost you $899” / “available for shipping as well, not for the pickup.”"
1,Francyn,9/10/2026,G3DLD4,"2147 Tiger Town Pkwy, Opelika, AL 36801",Best Buy Auburn,RTX 5090,desktop_discrete,Not stated,Not stated,,USD,Not stated,in_stock,Not stated,Not stated,Call transcript,medium,"“Buy for $4,399.” / Agent says these are among the editions “currently seeing available.”"
1,Francyn,9/10/2026,G3DLD4,"2147 Tiger Town Pkwy, Opelika, AL 36801",Best Buy Auburn,RTX 5090,desktop_discrete,Not stated,2TB,,USD,Not stated,in_stock,Not stated,Not stated,Call transcript,medium,"“A 2Trog version of the 5090 for $4,829.” / “currently seeing available.”"
1,Francyn,9/10/2026,G3DLD4,"2147 Tiger Town Pkwy, Opelika, AL 36801",Best Buy Auburn,RTX 5090,desktop_discrete,MSI / NVIDIA,NVIDIA version,,USD,Not stated,in_stock,Not stated,Not stated,Call transcript,high,"“MSI NVIDIA version for $4,299.” / “currently seeing available.”"
1,Francyn,9/10/2026,G3DLD4,"2147 Tiger Town Pkwy, Opelika, AL 36801",Best Buy Auburn,RTX 5080,desktop_discrete,NVIDIA,"Overclocked, 16GB GDDR7",,USD,Not stated,in_stock,1,Not stated,Call transcript,high,"“NVIDIA RTX 5080 overclocked 16GB GDDR7. We have one left for $1,699.”"
1,Francyn,9/10/2026,M88102,"4863 Montgomery Hwy Ste 100, Dothan, AL 36303",Best Buy,RTX 5080,desktop_discrete,ASUS,"ROG, 16GB",,USD,Retail_price,in_stock,Not stated,Not stated,Call transcript,high,"“Asus ROG 5080 16GB... $2,099.” Agent says it can be scheduled for pickup or shipping from warehouse."
1,Francyn,9/10/2026,M88102,"4863 Montgomery Hwy Ste 100, Dothan, AL 36303",Best Buy,RTX 5080,desktop_discrete,ASUS,"Prime, 16GB GDDR7",,USD,Retail_price,in_stock,Not stated,Not stated,Call transcript,high,"“RTX 5080... 16 gigs, DDR7, for $1,699.99. That's an ASUS brand.”"
1,Francyn,9/10/2026,M88102,"4863 Montgomery Hwy Ste 100, Dothan, AL 36303",Best Buy,RTX 5080,desktop_discrete,PNY,"NVIDIA, 16GB",,USD,Retail_price,in_stock,Not stated,Not stated,Call transcript,high,“Another alternative here that we have available in stock... PNY NVIDIA RTX 5080.”
1,Francyn,9/10/2026,M88102,"4863 Montgomery Hwy Ste 100, Dothan, AL 36303",Best Buy,RTX 5080,desktop_discrete,Gigabyte,Not stated,,USD,Listed_price,in_stock,Not stated,Not stated,Call transcript,high,"“Gigabyte... $100 discount... now it's $1,599.99.”"
1,Francyn,9/10/2026,M88102,"4863 Montgomery Hwy Ste 100, Dothan, AL 36303",Best Buy,Radeon RX 9070 XT,desktop_discrete,XFX,16GB,899.0,USD,Retail_price,out_of_stock,0,Not stated,Call transcript,high,"“The 9070 XT, we don't have anything on-site available... but we can order it.” / “RX 9070 16GB for $899.”"
1,Francyn,9/10/2026,13K568,"10200-130 Eastern Shore Blvd, Daphne, AL",Best Buy,RTX 5080,desktop_discrete,PNY,Not stated,,USD,Not stated,in_stock,Low_quantity,Not stated,Call transcript,high,"“That store has a PNY RTX 5080 in stock.” / “act fast, low quantities.”"
1,Francyn,9/10/2026,13K568,"10200-130 Eastern Shore Blvd, Daphne, AL",Best Buy,RTX 5060 Ti,desktop_discrete,Not stated,Not stated,,USD,Not stated,in_stock,Low_quantity,Not stated,Call transcript,medium,"“RTX 5060 Ti” / “All three of those are in stock at the Spanish Fort store.” / “act fast, low quantities.”"
1,Francyn,9/10/2026,13K568,"10200-130 Eastern Shore Blvd, Daphne, AL",Best Buy,Unknown / unclear (“780i”),desktop_discrete,Not stated,Not stated,,USD,Not stated,in_stock,Low_quantity,Not stated,Call transcript,low,“And then I picked 780i. All three of those are in stock...” The model is unclear due to transcription.
1,Francyn,9/10/2026,13K568,"10200-130 Eastern Shore Blvd, Daphne, AL",Best Buy,Radeon RX 9070 XT,desktop_discrete,Gigabyte,Gaming,,USD,Not stated,in_stock,Not stated,Not stated,Call transcript,high,"“Gigabyte brand, Radeon RX 9070XT Gaming.” / “It's in stock at the Spanish Fort store.”"
1,Francyn,9/10/2026,13K568,"10200-130 Eastern Shore Blvd, Daphne, AL",Best Buy,Radeon RX 7600,desktop_discrete,AMD,Speedster,369.99,USD,Not stated,in_stock,Not stated,Not stated,Call transcript,medium,“Speedster AMD Radeon RX 7600.” / “At $369.99.”
1,Francyn,9/5/2026,QAYFV5,"6123 University Dr NW, Huntsville, AL 35806",Gigaparts Huntsville,RTX 5060,desktop_discrete,MSI,"NVIDIA GeForce, 8GB Shadow 2X OC",479.99,USD,Before tax,in_stock,1,Not stated,Call transcript,high,“MSI NVIDIA GeForce RTX 5060 8GB Shadow 2X OC” / “$479.99 before tax” / “I think I only have the one.”
1,Francyn,9/5/2026,QAYFV5,"6123 University Dr NW, Huntsville, AL 35806",Gigaparts Huntsville,Radeon RX 9060 XT,desktop_discrete,Sapphire,Not stated,519.99,USD,Before tax,in_stock,5,Not stated,Call transcript,high,“Radeon RX 9060 XT” / “$519.99 before tax” / “I still have about five of those.”
1,Francyn,9/5/2026,QAYFV5,"6123 University Dr NW, Huntsville, AL 35806",Gigaparts Huntsville,RTX 5080,desktop_discrete,MSI,"Z4, 16GB Inspire 3X OC",,USD,Before tax,in_stock,4,Not stated,Call transcript,high,"“MSI Z4 RTX 5080. 16GB Inspire 3X OC” / “$1,720.99 before tax” / “I have about four.”"
1,Francyn,9/5/2026,QAYFV5,"6123 University Dr NW, Huntsville, AL 35806",Gigaparts Huntsville,RTX 5070,desktop_discrete,Not stated,Not stated,,USD,Not stated,in_stock,Not stated,Not stated,Call transcript,medium,Agent explicitly says “We have a 5070.” / “we do have computer graphic cards in stock.”
1,Francyn,9/5/2026,QAYFV5,"6123 University Dr NW, Huntsville, AL 35806",Gigaparts Huntsville,RTX 5070 Ti,desktop_discrete,Not stated,Not stated,,USD,Not stated,in_stock,Not stated,Not stated,Call transcript,medium,Agent explicitly says “a 5070 Ti.”
1,Francyn,9/5/2026,QAYFV5,"6123 University Dr NW, Huntsville, AL 35806",Gigaparts Huntsville,Radeon RX 9070 XT,desktop_discrete,Sapphire,Not stated,,USD,Not stated,in_stock,Not stated,Not stated,Call transcript,medium,Agent says “we also have... a Radeon RX 9070 XT” and identifies the AMD cards as Sapphire.
1,Francyn,9/5/2026,QAYFV5,"6123 University Dr NW, Huntsville, AL 35806",Gigaparts Huntsville,RTX 5090,desktop_discrete,Not stated,Not stated,,USD,Not stated,out_of_stock,0,Not stated,Call transcript,high,"“No, it does not look like I have any 5090s in stock.”"
1,Francyn,9/11/2026,E9TJVL,"Dimond Mall, 800 E Dimond Blvd #100, Anchorage, AK 99515, United States",Best Buy,RTX 5090,desktop_discrete,ASUS,"TUF Gaming, 32GB",,USD,Retail_price,in_stock,Plenty,Not stated,Call transcript,high,"“ASUS TUF Gaming NVIDIA GeForce RTX 5090 32GB” / “$7,599.99” / “They have a lot. They have plenty of them.”"
1,Francyn,9/11/2026,E9TJVL,"Dimond Mall, 800 E Dimond Blvd #100, Anchorage, AK 99515, United States",Best Buy,RTX 5090,desktop_discrete,Not stated,"ROG XG Mobile, laptop GPU",,USD,Retail_price,in_stock,Not stated,Not stated,Call transcript,medium,"“ROCK XG Mobile external graphic card NVIDIA GeForce RTX 5090 laptop GPU.” / “$3,699.”"
1,Francyn,9/11/2026,E9TJVL,"Dimond Mall, 800 E Dimond Blvd #100, Anchorage, AK 99515, United States",Best Buy,RTX 5080,desktop_discrete,ASUS,"Prime, 16GB, DDR7, Express 5.0, Black",,USD,Retail_price,in_stock,Not stated,Not stated,Call transcript,high,"“ASUS Prime NVIDIA GeForce RTX 5080. 16 gigabytes... for $1,599.” / “those are the two models that I have available.”"
1,Francyn,9/11/2026,E9TJVL,"Dimond Mall, 800 E Dimond Blvd #100, Anchorage, AK 99515, United States",Best Buy,RTX 5090,desktop_discrete,Not stated,Not stated,,USD,Not stated,in_stock,Not stated,Not stated,Call transcript,low,"“I have a 5090... It's $7,000.” This appears to be an earlier/general price statement that conflicts with the later specific $3,699 and $7,599.99 listings."
1,Francyn,9/12/2026,X129HK,"TIkahtnu Commons, 1200 N Muldoon Rd G, Anchorage, AK 99504, United States",Best Buy,RTX 5090,desktop_discrete,Not stated,Not stated,,USD,Not stated,out_of_stock,0,Not stated,Call transcript,high,“On the 5090... we don't have those in stock.” / “I don't have the price because we don't have them in our system.”
1,Francyn,9/12/2026,X129HK,"TIkahtnu Commons, 1200 N Muldoon Rd G, Anchorage, AK 99504, United States",Best Buy,RTX 5080,desktop_discrete,PNY,Not stated,,USD,Not stated,in_stock,1,Not stated,Call transcript,high,"“The PNY 5080. The price at $1,699.” / “I have one available.”"
1,Francyn,9/12/2026,X129HK,"TIkahtnu Commons, 1200 N Muldoon Rd G, Anchorage, AK 99504, United States",Best Buy,RTX 5080,desktop_discrete,MSI,NVIDIA GeForce,,USD,Not stated,in_stock,Not stated,Not stated,Call transcript,high,"“The MSI 5080 is priced at $1,789.” / “MSI NVIDIA GeForce RTX”"
1,Francyn,9/12/2026,X129HK,"TIkahtnu Commons, 1200 N Muldoon Rd G, Anchorage, AK 99504, United States",Best Buy,RTX 5080,desktop_discrete,ASUS,ROG,,USD,Not stated,in_stock,Not stated,Not stated,Call transcript,medium,"“$2,099.99. With the Asus ROG...” / Agent discusses it among available 5080 options."
1,Francyn,9/12/2026,X129HK,"TIkahtnu Commons, 1200 N Muldoon Rd G, Anchorage, AK 99504, United States",Best Buy,Radeon RX 9070,desktop_discrete,XFX,Not stated,549.99,USD,Not stated,in_stock,Not stated,Not stated,Call transcript,medium,“The XFX... AMD Radeon RX... starts out at $549.99.”
1,Francyn,9/12/2026,X129HK,"TIkahtnu Commons, 1200 N Muldoon Rd G, Anchorage, AK 99504, United States",Best Buy,Radeon RX 9070 XT,desktop_discrete,ASUS,ROG Challenger,859.99,USD,Not stated,in_stock,Not stated,Not stated,Call transcript,medium,“ASUS ROG Challenger Radeon RX...” / “RX 9700 XT... $859.99.”
1,Francyn,9/12/2026,X129HK,"TIkahtnu Commons, 1200 N Muldoon Rd G, Anchorage, AK 99504, United States",Best Buy,Radeon RX 9070 XT,desktop_discrete,XFX,AMD Radeon,869.99,USD,Not stated,in_stock,Not stated,Not stated,Call transcript,medium,“$869.99.” / Agent identifies an AMD Radeon RX 9700 XT and later confirms a 9070-series card is in stock.
1,Francyn,9/12/2026,X129HK,"TIkahtnu Commons, 1200 N Muldoon Rd G, Anchorage, AK 99504, United States",Best Buy,Radeon RX 5700 XT,desktop_discrete,Gigabyte,AMD Radeon,929.99,USD,Not stated,in_stock,Not stated,Not stated,Call transcript,high,“Gigabyte Radeon RX 5700 XT. That one's priced at $929.99.”
1,Francyn,9/12/2026,X129HK,"TIkahtnu Commons, 1200 N Muldoon Rd G, Anchorage, AK 99504, United States",Best Buy,RTX 5070,desktop_discrete,Not stated,Not stated,900.99,USD,Not stated,in_stock,Not stated,Not stated,Call transcript,low,"“AMD Radeon... NVIDIA RTX 5070, that one price at $900.99.” The transcript is unclear/corrupted."
1,Princess,9/3/2026,MP8ISY,"15815 Monte Street, Suite F102, Sylmar, CA 91342",AAAWave,RTX 5070,desktop_discrete,Gigabyte,"Gaming, 12GB GDDR7",839.99,USD,Listed price,in_stock,266,Not stated,Call transcript,high,“We do have Gigabyte RTX 5070 gaming ones. With 12 gigabytes of DDR7.” / “listed at $839.99.” / “we have 266 in stock.”
1,Jecirie,9/8/2026,7F4P0F,"900 Loughborough Dr. Ste B  Merced, CA 95340",Action Computers,RTX 3070,desktop_discrete,NVIDIA,GeForce,,USD,Not stated,out_of_stock,0,Not stated,Call transcript,high,“We do not have one of those in stock.”
1,Jecirie,9/8/2026,7F4P0F,"900 Loughborough Dr. Ste B  Merced, CA 95340",Action Computers,Radeon RX 580,desktop_discrete,AMD,Radeon,,USD,Not stated,out_of_stock,0,Not stated,Call transcript,high,"“RX 580, we don't have one of those in stock either.”"
1,Jecirie,9/8/2026,7F4P0F,"900 Loughborough Dr. Ste B  Merced, CA 95340",Action Computers,RTX 5060,desktop_discrete,NVIDIA,GeForce,,USD,Approximate_price,in_stock,Not stated,Not stated,Call transcript,medium,“We've got a 5060 in stock.” / “I believe it's $449.99 or somewhere around there.”
1,Francyn,9/10/2026,41GZTR,"3777 Stevens Creek Blvd. Santa Clara, CA Near Highway 280",Central Computers,RTX 5090,desktop_discrete,ASUS,"Astral, Black",,USD,Listed_price,in_stock,7,Not stated,Call transcript,high,"“Across all of our stores, we're gonna have seven Astros” / “The black Astro is gonna be $4,829.99.”"
1,Francyn,9/10/2026,41GZTR,"3777 Stevens Creek Blvd. Santa Clara, CA Near Highway 280",Central Computers,RTX 5090,desktop_discrete,ASUS,"Astral, White",,USD,Listed_price,in_stock,6,Not stated,Call transcript,high,"“six Astros in white” / “The White Astro is $4,929.99.”"
1,Francyn,9/10/2026,41GZTR,"3777 Stevens Creek Blvd. Santa Clara, CA Near Highway 280",Central Computers,RTX 5060,desktop_discrete,ASUS,Not stated,,USD,Approximate_price,in_stock,Not stated,Not stated,Call transcript,medium,“50-60... about $600” and later “ASUS is gonna be closer to $500.”
1,Francyn,9/10/2026,41GZTR,"3777 Stevens Creek Blvd. Santa Clara, CA Near Highway 280",Central Computers,RTX 5060,desktop_discrete,Gigabyte,Not stated,,USD,Approximate_price,in_stock,Not stated,Not stated,Call transcript,medium,"“The brands range from ASUS to... Asus, Gigabyte, and MSI.” / “you're looking at about $500 to $600.”"
1,Francyn,9/10/2026,41GZTR,"3777 Stevens Creek Blvd. Santa Clara, CA Near Highway 280",Central Computers,RTX 5060,desktop_discrete,MSI,Not stated,,USD,Approximate_price,in_stock,Not stated,Not stated,Call transcript,medium,"“MSI, you're probably looking at about $450.”"
1,Francyn,9/10/2026,41GZTR,"3777 Stevens Creek Blvd. Santa Clara, CA Near Highway 280",Central Computers,RTX 5070,desktop_discrete,Not stated,Not stated,,USD,Approximate_price,in_stock,Not stated,Not stated,Call transcript,medium,“5070s in general are about $900.”
1,Francyn,9/10/2026,41GZTR,"3777 Stevens Creek Blvd. Santa Clara, CA Near Highway 280",Central Computers,Radeon RX 9070 XT,desktop_discrete,AMD,Not stated,,USD,Approximate_price,in_stock,Not stated,Not stated,Call transcript,high,“We do carry the AMD cards. 9070XTs are running for about $800 across all models.”
1,Jecirie,9/10/2026,BIU2DU,"1610 Garden of the Gods Rd, Colorado Springs, CO 80907",Tech for Less,GeForce RTX 4080,desktop_discrete,NVIDIA,Not stated,,USD,Listed_price,in_stock,1,Not stated,Call transcript,high,"“Looks like we do have a unit for $1,260.” / “Yes, ma'am. $1,261.97.”"
1,Jecirie,9/12/2026,5DSBY4,"265 E 29th St, Loveland, CO 80538",PCs & Parts,RTX 5060,desktop_discrete,NVIDIA,MSI Ventus Triple Fan,429.0,USD,Retail_price,in_stock,1,Not stated,Call transcript,high,Agent stated: “The only 5000 series that I have right now is an RTX 5060.” Then confirmed MSI Ventus triple fan at $429.
1,Jecirie,9/12/2026,5DSBY4,"265 E 29th St, Loveland, CO 80538",PCs & Parts,RX 9060,desktop_discrete,AMD,Not stated,,USD,Typical_price,out_of_stock,0,Not stated,Call transcript,medium,"Agent said they “don’t have any of those in stock at the moment” and that they typically keep 9060s in stock, with both models “right around $599 when we do have them.”"
1,Jecirie,9/12/2026,5DSBY4,"265 E 29th St, Loveland, CO 80538",PCs & Parts,RX 9060 XT,desktop_discrete,AMD,Not stated,,USD,Typical_price,out_of_stock,0,Not stated,Call transcript,medium,Agent said they “don’t have any of those in stock at the moment” and that 9060/9060 XT are typically around $599 when available.
1,Jecirie,9/12/2026,PTJY3B,"524 W. Laurel #2, Fort Collins, CO 80521",Run PC Computers,GeForce GTX 1070,desktop_discrete,NVIDIA,Not stated,119.0,USD,Retail_price,in_stock,Not stated,—,Call transcript,medium,"Client stated: “We have some 1070s” and identified the brand as NVIDIA, saying they believe they sell those for $119."
1,Jecirie,9/12/2026,PTJY3B,"524 W. Laurel #2, Fort Collins, CO 80521",Run PC Computers,GeForce GT 710,desktop_discrete,NVIDIA,Not stated,119.0,USD,Retail_price,in_stock,Not stated,—,Call transcript,medium,"Client stated: “We have some 710s,” then said “Nvidia, and I believe we sell those for $119.”"
1,Francyn,9/12/2026,KIA44A,"4040 S College Ave Fort Collins, CO 80525",Best Buy,GeForce RTX 5090,desktop_discrete,NVIDIA,ASUS TUF Gaming Triple Fan,,USD,Listed_price,in_stock,1,Not stated,Call transcript,high,"“The only one available right now is [ASUS TUF Gaming].” / “That one's gonna be $7,600.”"
1,Francyn,9/12/2026,KIA44A,"4040 S College Ave Fort Collins, CO 80525",Best Buy,GeForce RTX 5080,desktop_discrete,NVIDIA,PNY,,USD,Listed_price,in_stock,Not stated,Not stated,Call transcript,high,"“For the 5080, we do have the PNY” / “that one's gonna be $1,700.”"
1,Francyn,9/12/2026,KIA44A,"4040 S College Ave Fort Collins, CO 80525",Best Buy,GeForce RTX 5080,desktop_discrete,NVIDIA,Astro,,USD,Listed_price,in_stock,Not stated,Not stated,Call transcript,medium,"“We have the Astro” / “that one is gonna be $2,100 right now.”"
1,Francyn,9/12/2026,KIA44A,"4040 S College Ave Fort Collins, CO 80525",Best Buy,GeForce RTX 5080,desktop_discrete,NVIDIA,Gigabyte,,USD,Listed_price,in_stock,Not stated,Not stated,Call transcript,high,"“There's a Gigabyte one, that one's gonna be 1600.”"
1,Francyn,9/12/2026,KIA44A,"4040 S College Ave Fort Collins, CO 80525",Best Buy,GeForce RTX 5080,desktop_discrete,NVIDIA,ASUS Prime,,USD,Listed_price,in_stock,Not stated,Not stated,Call transcript,high,“There's an Asus Prime” / “1700.”
1,Francyn,9/12/2026,KIA44A,"4040 S College Ave Fort Collins, CO 80525",Best Buy,GeForce RTX 5080,desktop_discrete,NVIDIA,Gigabyte Windforce,,USD,Listed_price,in_stock,Not stated,Not stated,Call transcript,high,"“There's a Gigabyte Windforce” / “that would be $1,500.”"
1,Francyn,9/12/2026,KIA44A,"4040 S College Ave Fort Collins, CO 80525",Best Buy,Radeon RX 9060 XT,desktop_discrete,AMD,Gigabyte Gaming,650.0,USD,Listed_price,in_stock,Not stated,Not stated,Call transcript,high,"“Gigabyte 9060 XT gaming, that was gonna be $650.”"
1,Francyn,9/12/2026,KIA44A,"4040 S College Ave Fort Collins, CO 80525",Best Buy,Radeon RX 9060 XT,desktop_discrete,AMD,Not stated,520.0,USD,Listed_price,in_stock,Not stated,Not stated,Call transcript,low,“Then we have… At the fact. That one's gonna be $520 right now.” Model/variant is unclear in the transcript.
1,Francyn,9/12/2026,KIA44A,"4040 S College Ave Fort Collins, CO 80525",Best Buy,Radeon RX 9060 XT,desktop_discrete,AMD,Gigabyte OC,688.0,USD,Listed_price,in_stock,Not stated,Not stated,Call transcript,high,“We have a Gigabyte OC that was gonna be 688.”
1,Francyn,9/12/2026,KIA44A,"4040 S College Ave Fort Collins, CO 80525",Best Buy,Radeon RX 9060 XT,desktop_discrete,AMD,PowerColor,495.0,USD,Listed_price,in_stock,Not stated,Not stated,Call transcript,high,“We have a power color for 495.”
1,Francyn,9/9/2026,E8JC2S,"1509 Yellowstone Ave, Pocatello, ID 83201, United States",Computer Warehouse,GeForce RTX 5060,desktop_discrete,NVIDIA,PNY,449.0,USD,Listed_price,in_stock,Not stated,Not stated,Call transcript,medium,“We have the 5060 and 5070.” / “The 3050 would be $449”
1,Francyn,9/9/2026,E8JC2S,"1510 Yellowstone Ave, Pocatello, ID 83201, United States",Computer Warehouse,GeForce RTX 5070,desktop_discrete,NVIDIA,ASUS,789.0,USD,Listed_price,in_stock,Not stated,Not stated,Call transcript,medium,“We have the 5060 and 5070.” / “The 3070 would be $789.”
1,Francyn,9/9/2026,E8JC2S,"1511 Yellowstone Ave, Pocatello, ID 83201, United States",Computer Warehouse,Radeon RX 9070,desktop_discrete,AMD,ASUS,699.0,USD,Listed_price,in_stock,1,Not stated,Call transcript,medium,"“For AMD, I would have an RX 970.” / “That one is Asus with a price of $699.” / “It looks like I have one.”"
1,Francyn,9/9/2026,B84OD7,"385 May St, Idaho Falls, ID 83401, United States",AMT Computers and Electronics,GeForce RTX 5080,desktop_discrete,NVIDIA,PNY,,USD,Listed_price,in_stock,Low_quantity,Not stated,Call transcript,high,“I have one 5080” / “The PMY5080 is 1609.”
1,Francyn,9/9/2026,B84OD7,"385 May St, Idaho Falls, ID 83401, United States",AMT Computers and Electronics,GeForce RTX 5070,desktop_discrete,NVIDIA,PNY,859.0,USD,Listed_price,in_stock,Low_quantity,Not stated,Call transcript,high,“I have ... three 5070s” / “And the 5070 is $859.”
1,Francyn,9/9/2026,B84OD7,"385 May St, Idaho Falls, ID 83401, United States",AMT Computers and Electronics,GeForce RTX 5080,desktop_discrete,NVIDIA,PNY,,USD,Listed_price,out_of_stock,2,Not stated,Call transcript,high,“It looks like there's two more 5080s coming in.”
1,Francyn,9/9/2026,B84OD7,"385 May St, Idaho Falls, ID 83401, United States",AMT Computers and Electronics,GeForce RTX 5070,desktop_discrete,NVIDIA,PNY,859.0,USD,Listed_price,out_of_stock,3,Not stated,Call transcript,high,“Three more 5070s.”
1,Francyn,9/9/2026,BDEVVY,"3094 Richmond Rd #120, Lexington, KY 40509",Paymore,GeForce RTX 5060,desktop_discrete,NVIDIA,MSI Ventus,600.0,USD,Listed_price,in_stock,1,Not stated,Call transcript,high,“The only thing we have closest to that is an RTX 5060.” / “It's an MSI. It's the Ventus.” / “It's 600.” / “We only have one.”
1,Francyn,9/9/2026,WMKIS3,"577 Oak Villa Blvd Baton Rouge, LA 70815",Computer Heaven,GeForce RTX 5070,desktop_discrete,NVIDIA,Gigabyte,,USD,Listed_price,in_stock,1,Not stated,Call transcript,high,"“Right now, we have the Gigabyte GeForce 5070.” / “For 1,500.” / “One of the regular 5070.”"
1,Francyn,9/9/2026,WMKIS3,"577 Oak Villa Blvd Baton Rouge, LA 70815",Computer Heaven,GeForce RTX 5070 Ti,desktop_discrete,NVIDIA,Not stated,,USD,Listed_price,in_stock,2,Not stated,Call transcript,low,“We have the 5070 Ti for $18.” / “two of the 5070 TIs.”
1,Francyn,9/9/2026,WMKIS3,"577 Oak Villa Blvd Baton Rouge, LA 70815",Computer Heaven,GeForce RTX 5080,desktop_discrete,NVIDIA,ASUS Prime,,USD,Listed_price,in_stock,1,Not stated,Call transcript,high,"“In terms of the 5080, we have one.” / “For $2,500.” / “That is an Asus Prime.”"
1,Francyn,9/9/2026,WMKIS3,"577 Oak Villa Blvd Baton Rouge, LA 70815",Computer Heaven,GeForce RTX 5060,desktop_discrete,NVIDIA,Gigabyte,699.0,USD,Listed_price,in_stock,Not stated,Not stated,Call transcript,high,"“We have the Gigabyte, like 50-60.” / “For $699.”"
1,Francyn,9/9/2026,WMKIS3,"577 Oak Villa Blvd Baton Rouge, LA 70815",Computer Heaven,GeForce RTX 5050 Ti,desktop_discrete,NVIDIA,Not stated,799.0,USD,Listed_price,in_stock,Not stated,Not stated,Call transcript,medium,"“The 5050 Ti for $899. I mean $799, I'm sorry.”"
1,Francyn,9/9/2026,VD268X,"900 Horton Rd, Jackson, MI 49203",ProTech Computers,GeForce RTX 5050,desktop_discrete,NVIDIA,Not stated,269.95,USD,Listed_price,in_stock,Not stated,Not stated,Call transcript,high,“I have a 5050 open box” / “for $269.95.”
1,Francyn,9/8/2026,9QA5MC,"1415 NE Douglas St, Lee's Summit, MO 64086, United States",Paymore,Radeon RX 7600 XT,desktop_discrete,AMD,ASRock,389.99,USD,Listed_price,in_stock,1,Not stated,Call transcript,high,“Our Overland Park location does have a... 7600?” / “The 7600XT” / “It's as rock.” / “Can we only have one” / “389.99.”
1,Princess,9/7/2026,OE5Q6Z,"Q233+5F New York, USA",B&H Foto & Electronics Corp.,GeForce RTX 5060,desktop_discrete,NVIDIA,ASUS Dual OC,469.99,USD,Listed_price,in_stock,1,Not stated,Call transcript,high,"“Mainly from ASUS, we have like the 5060 Dual OC graphics card” / “$469.99” / “There's only one unit”"
1,Princess,9/7/2026,OE5Q6Z,"Q233+5F New York, USA",B&H Foto & Electronics Corp.,GeForce RTX 5060,desktop_discrete,NVIDIA,ASUS Triple Fan,489.0,USD,Listed_price,in_stock,3,Not stated,Call transcript,high,“another model called a three fan for $489” / “three units of the one that is $489”
1,Princess,9/8/2026,IHY1A0,"1016 Union Rd, West Seneca, NY 14224, United States",PC Plug,GeForce RTX 5070,desktop_discrete,NVIDIA,PNY OC,769.0,USD,Listed_price,in_stock,2,Not stated,Call transcript,high,"“I carry the PNY OC.” / “769.” / “2.” / “Yes, retail packaging.”"
1,Princess,9/8/2026,L3N4P1,"8548 University City Blvd Charlotte, NC 28213",PayMore,GeForce GTX 1650,desktop_discrete,NVIDIA,Not stated,109.0,USD,Listed_price,in_stock,1,Not stated,Call transcript,high,"“I have a 1650, I have a 2060, I have a 1660” / “a GTX 1650, that's listed for $109” / “One of each.”"
1,Princess,9/8/2026,L3N4P1,"8548 University City Blvd Charlotte, NC 28213",PayMore,GeForce RTX 2060,desktop_discrete,NVIDIA,Not stated,152.0,USD,Listed_price,in_stock,1,Not stated,Call transcript,high,“I have a RTX 2060.” / “Listed for $152.” / “One of each.”
1,Princess,9/8/2026,L3N4P1,"8548 University City Blvd Charlotte, NC 28213",PayMore,GeForce GTX 1660 Super,desktop_discrete,NVIDIA,Not stated,144.0,USD,Listed_price,in_stock,1,Not stated,Call transcript,high,“I have a GTX 1660 Super listed for $144.” / “One of each.”
1,Princess,9/8/2026,X4DDI9,"10610 Metromont Pkwy Suite 100, Charlotte, NC 28269",ATD Computers,GeForce RTX 5070 Ti,desktop_discrete,NVIDIA,PNY OC RGB,,USD,Listed_price,in_stock,2,Not stated,Call transcript,high,"“We do have some 5070 TIs” / “$1,099” / “PNY OC RGB 5070 Ti” / “we have two of the 5070 TIs”"
1,Princess,9/8/2026,X4DDI9,"10610 Metromont Pkwy Suite 100, Charlotte, NC 28269",ATD Computers,GeForce RTX 4070 Super,desktop_discrete,NVIDIA,MSI Gaming X Slim,899.0,USD,Listed_price,in_stock,1,Not stated,Call transcript,high,“MSI Gaming X Slim 4070 Super” / “we just have one of those left” / “going for $899”
1,Princess,9/8/2026,X4DDI9,"10610 Metromont Pkwy Suite 100, Charlotte, NC 28269",ATD Computers,Radeon RX 9060 XT,desktop_discrete,AMD,ASRock Challenger,599.0,USD,Listed_price,in_stock,1,Not stated,Call transcript,high,"“ASRock Challenger AMD Radeon 9060XT” / “going for $599” / “for everything else, we just have one each”"
1,Princess,9/8/2026,X4DDI9,"10610 Metromont Pkwy Suite 100, Charlotte, NC 28269",ATD Computers,GeForce RTX 5060,desktop_discrete,NVIDIA,Gigabyte,479.0,USD,Not_stated,in_stock,1,Not stated,Call transcript,high,"“we also have an RTX 5060, that's a gigabyte” / “for everything else, we just have one each”"
1,Princess,9/8/2026,UJEFUU,"4731 Levick Street, Philadelphia, PA - 19135",InOs Computers,GeForce RTX 5060,desktop_discrete,NVIDIA,Not stated,441.0,USD,Listed_price,in_stock,Not stated,Not stated,Call transcript,medium,“We have one at ... 441 right now” / later discussion confirms the 5060
1,Princess,9/8/2026,UJEFUU,"4731 Levick Street, Philadelphia, PA - 19135",InOs Computers,GeForce RTX 4060,desktop_discrete,NVIDIA,ASUS Dual,,USD,Not_stated,in_stock,Not stated,Not stated,Call transcript,high,"“we have an Asus dual” / “we have an Asus dual, but why would you get a 4060?”"
1,Princess,9/8/2026,UJEFUU,"4731 Levick Street, Philadelphia, PA - 19135",InOs Computers,Radeon RX 6800,desktop_discrete,AMD,Not stated,,USD,Not_stated,in_stock,Not stated,Not stated,Call transcript,low,“Is the 6800 available?” / “I think we have an XP.”
1,Princess,9/7/2026,EY5XK6,"2101 W 41st St Sioux Falls, SD 57105",Best Buy,GeForce RTX 5060,desktop_discrete,NVIDIA,Not stated,449.0,USD,Listed_price,in_stock,Not stated,Not stated,Call transcript,high,"“We have some 50-60s” / “starting with the 5060, that one's currently priced at $449.”"
1,Princess,9/7/2026,EY5XK6,"2101 W 41st St Sioux Falls, SD 57105",Best Buy,GeForce RTX 5060 Ti,desktop_discrete,NVIDIA,Not stated,789.0,USD,Listed_price,in_stock,Not stated,Not stated,Call transcript,high,"“We have some ... 5060ti's” / “The 5060 Ti, you're gonna jump up to $789.”"
1,Princess,9/7/2026,EY5XK6,"2101 W 41st St Sioux Falls, SD 57105",Best Buy,GeForce RTX 5070,desktop_discrete,NVIDIA,Not stated,949.0,USD,Listed_price,in_stock,Not stated,Not stated,Call transcript,high,“We have some ... 5070s” / “A 5070 is priced at $949.”
1,Princess,9/7/2026,EY5XK6,"2101 W 41st St Sioux Falls, SD 57105",Best Buy,GeForce RTX 5070 Ti,desktop_discrete,NVIDIA,Not stated,,USD,Listed_price,in_stock,Not stated,Not stated,Call transcript,high,"“We have some ... 5070ti's” / “a 5070 Ti will jump up to $1,249.”"
1,Princess,9/7/2026,EY5XK6,"2101 W 41st St Sioux Falls, SD 57105",Best Buy,GeForce RTX 5080,desktop_discrete,NVIDIA,ASUS,,USD,Listed_price,in_stock,Not stated,Not stated,Call transcript,high,"“The 5080 ... priced at $1,699” / “That's one of the Asus ... options.”"
1,Princess,9/7/2026,EY5XK6,"2101 W 41st St Sioux Falls, SD 57105",Best Buy,GeForce RTX 5080,desktop_discrete,NVIDIA,PNY,,USD,Listed_price,in_stock,Not stated,Not stated,Call transcript,high,"“We do have the PNY option ... priced at $1,699” / “That's one of the ... PNY options.”"
1,Princess,9/7/2026,EY5XK6,"2101 W 41st St Sioux Falls, SD 57105",Best Buy,GeForce RTX 5080,desktop_discrete,NVIDIA,Not stated,,USD,Listed_price,in_stock,Not stated,Not stated,Call transcript,medium,"“one used option, which is priced at $2,099” / later clarified all three 5080 options are different brands/versions; exact brand for the $2,099 option not established."
1,Princess,9/8/2026,MLOIX4,"2320 N Haines Ave Rapid City, SD 57701",Best Buy,GeForce RTX 5060,desktop_discrete,NVIDIA,PNY,449.0,USD,Listed_price,in_stock,1,Not stated,Call transcript,high,"“I do have, I have a PY source of RTX 5060.” / “I have that one in stock” / “449 for the 5060” / “there's one of each in there.”"
1,Princess,9/8/2026,MLOIX5,"2320 N Haines Ave Rapid City, SD 57701",Best Buy,GeForce RTX 5060 Ti,desktop_discrete,NVIDIA,MSI,599.0,USD,Listed_price,in_stock,1,Not stated,Call transcript,high,“I am MSI.” / “599 for the 5060 Ti.” / “there's one of each in there.”
1,Princess,9/8/2026,MLOIX6,"2320 N Haines Ave Rapid City, SD 57701",Best Buy,GeForce RTX 5060 Ti,desktop_discrete,NVIDIA,PNY,499.0,USD,Listed_price,in_stock,Not stated,Not stated,Call transcript,medium,“I just found another 5060 Ti that was $499.” / “the PNY one would be a little better.”
1,Princess,9/8/2026,MLOIX7,"2320 N Haines Ave Rapid City, SD 57701",Best Buy,GeForce RTX 5070,desktop_discrete,NVIDIA,MSI,849.0,USD,Approximate_price,in_stock,Not stated,Not stated,Call transcript,high,"“for 5070, I do have a 5070 and MSI brand.” / “It starts at about $849.”"
1,Princess,9/8/2026,MLOIX8,"2320 N Haines Ave Rapid City, SD 57701",Best Buy,GeForce RTX 5070 Ti,desktop_discrete,NVIDIA,Gigabyte,,USD,Approximate_price,in_stock,Not stated,Not stated,Call transcript,high,“I have a 5070 Ti in gigabyte Nvidia GeForce RTX.” / “I have in stock.” / “it starts at about 12:49.”
1,Francyn,9/8/2026,DOTHDA,"2520 S Minnesota Ave, Sioux Falls, SD 57105",PC Gold,GeForce RTX 5060,desktop_discrete,NVIDIA,MSI,449.0,USD,Listed_price,in_stock,2,Not stated,Call transcript,high,“we carry MSI and Gigabyte” / “they are running 449 currently” / “We have two of each available”
1,Francyn,9/8/2026,DOTHDA,"2521 S Minnesota Ave, Sioux Falls, SD 57105",PC Gold,GeForce RTX 5060,desktop_discrete,NVIDIA,Gigabyte,449.0,USD,Listed_price,in_stock,2,Not stated,Call transcript,high,“we carry MSI and Gigabyte” / “they are running 449 currently” / “We have two of each available”
1,Francyn,9/8/2026,DOTHDA,"2522 S Minnesota Ave, Sioux Falls, SD 57105",PC Gold,GeForce RTX 5060 Ti,desktop_discrete,NVIDIA,MSI,749.0,USD,Listed_price,in_stock,Not stated,Not stated,Call transcript,high,“we also have the 5060 Ti's in MSI and Zotac” / “those are on $749”
1,Francyn,9/8/2026,DOTHDA,"2523 S Minnesota Ave, Sioux Falls, SD 57105",PC Gold,GeForce RTX 5060 Ti,desktop_discrete,NVIDIA,Zotac,749.0,USD,Listed_price,in_stock,Not stated,Not stated,Call transcript,high,“we also have the 5060 Ti's in MSI and Zotac” / “those are on $749” / “we have three of those total”
1,Francyn,9/8/2026,DOTHDA,"2524 S Minnesota Ave, Sioux Falls, SD 57105",PC Gold,Radeon RX 9060 XT,desktop_discrete,AMD,Gigabyte,359.0,USD,Listed_price,in_stock,1,Not stated,Call transcript,medium,"“we have one 9060 XT, Gigabyte brand” / “Round 359.”"
1,Francyn,9/8/2026,7B9J5K,"3215 Belmeade Dr, Carrollton, TX 75006, United States",Altex Belmeade,GeForce RTX 5060,desktop_discrete,NVIDIA,MSI,419.0,USD,Listed_price,in_stock,1,Not stated,Call transcript,high,“I've got a 5060 for $419” / “MSI” / “One.”
1,Francyn,9/8/2026,7B9J5K,"3215 Belmeade Dr, Carrollton, TX 75006, United States",Altex Belmeade,GeForce RTX 5060,desktop_discrete,NVIDIA,ASUS,414.0,USD,Listed_price,in_stock,Not stated,Not stated,Call transcript,medium,“I've got a 5060 for $419 and one for $414.” / “MSI and Asus.”
1,Princess,9/8/2026,2J6D6C,"18670 Northwest Fwy, Houston, TX 77065, United States",Altex Houston,GeForce RTX 5070,desktop_discrete,NVIDIA,MSI Shadow 3X,829.0,USD,Listed_price,in_stock,1,Not stated,Call transcript,high,"“I have one 5070, and it's the MSI Shadow 3X GeForce RTX 5070.” / “That one is 829.”"
1,Princess,9/8/2026,2J6D6C,"18670 Northwest Fwy, Houston, TX 77065, United States",Altex Houston,GeForce RTX 5080,desktop_discrete,NVIDIA,ASUS Prime,,USD,Approximate_price,in_stock,1,Not stated,Call transcript,high,“I have one ASUS Prime GeForce RTX 5080.” / “Those run about $1600.”
1,Princess,9/8/2026,2J6D6C,"18670 Northwest Fwy, Houston, TX 77065, United States",Altex Houston,GeForce RTX 5070 Ti,desktop_discrete,NVIDIA,MSI Shadow 3X,,USD,Listed_price,in_stock,Not stated,Not stated,Call transcript,high,"“I have the MSI also Shadow 3X RTX 5070 Ti for $1,200.”"
1,Princess,9/8/2026,2J6D6C,"18670 Northwest Fwy, Houston, TX 77065, United States",Altex Houston,Radeon RX 9070 XT,desktop_discrete,AMD,Not stated,849.0,USD,Listed_price,in_stock,Not stated,Not stated,Call transcript,high,“I have the RX 9070 XT for $849. I don't have the 9060.”
1,Princess,9/8/2026,E250DR,"11342 I-35 Frontage Rd, San Antonio, TX 78233, United States",Altex San Antonio,GeForce RTX 5080,desktop_discrete,NVIDIA,MSI,,USD,Listed_price,in_stock,1,Not stated,Call transcript,high,“currently we actually have two” / “The 5080” / “One's an MSI for $1599” / later “I have one of each”
1,Princess,9/8/2026,E250DR,"11342 I-35 Frontage Rd, San Antonio, TX 78233, United States",Altex San Antonio,GeForce RTX 5080,desktop_discrete,NVIDIA,ASUS,,USD,Listed_price,in_stock,1,Not stated,Call transcript,high,“The 5080” / “the other one's an ASUS for $1699” / “I have one of each”
1,Princess,9/8/2026,E250DR,"11342 I-35 Frontage Rd, San Antonio, TX 78233, United States",Altex San Antonio,GeForce RTX 5070,desktop_discrete,NVIDIA,ASUS,829.99,USD,Listed_price,in_stock,1,Not stated,Call transcript,high,"“for the 5070” / “Both of them are also the same, Asus and MSI. Both of them are $829.99” / “I have one of each”"
1,Princess,9/8/2026,E250DR,"11342 I-35 Frontage Rd, San Antonio, TX 78233, United States",Altex San Antonio,GeForce RTX 5070,desktop_discrete,NVIDIA,MSI,829.99,USD,Listed_price,in_stock,1,Not stated,Call transcript,high,"“for the 5070” / “Both of them are also the same, Asus and MSI. Both of them are $829.99” / “I have one of each”"
1,Princess,9/8/2026,E250DR,"11342 I-35 Frontage Rd, San Antonio, TX 78233, United States",Altex San Antonio,Radeon RX 9060,desktop_discrete,AMD,Not stated,509.99,USD,Listed_price,in_stock,1,Not stated,Call transcript,low,"“I do have a 960 called, so I have one of those. It's an AMD 960. 16GB for $509.99.”"
1,Princess,9/9/2026,GLT1WJ,"9914 N Interstate Hwy 35, Austin, TX 78753, United States",Altex Austin,GeForce RTX 5070,desktop_discrete,NVIDIA,ASUS,830.0,USD,Listed_price,in_stock,1,Not stated,Call transcript,high,"“one model from Asus and one model from MSI” / “they're the same price, $829” / “We have one of each”"
1,Princess,9/9/2026,GLT1WJ,"9914 N Interstate Hwy 35, Austin, TX 78753, United States",Altex Austin,GeForce RTX 5070,desktop_discrete,NVIDIA,MSI,830.0,USD,Listed_price,in_stock,1,Not stated,Call transcript,high,“one model from Asus and one model from MSI” / “$830” / “We have one of each”
1,Princess,9/9/2026,GLT1WJ,"9914 N Interstate Hwy 35, Austin, TX 78753, United States",Altex Austin,GeForce RTX 5080,desktop_discrete,NVIDIA,ASUS,,USD,Listed_price,in_stock,1,Not stated,Call transcript,high,"“We have one 5080 available, manufactured by Asus.” / “And it's $1,700.”"
1,Princess,9/9/2026,GLT1WJ,"9914 N Interstate Hwy 35, Austin, TX 78753, United States",Altex Austin,Radeon RX 9070 XT,desktop_discrete,AMD,Not stated,,USD,Listed_price,in_stock,4,Not stated,Call transcript,high,“a couple different models of the 9070XTs” / “range in price from $770 up to $850” / “We've got a total of four.”
1,Princess,9/9/2026,W6I84K,"1337 W 43rd St, Houston, TX 77018, United States",Servers Fit,S200,desktop_discrete,NVIDIA,Not stated,,USD,Listed_price,in_stock,50,Not stated,Call transcript,high,"“we are offering S200 at $40,000” / “We have 50 available right now that are ready to ship.”"
1,Princess,9/9/2026,W6I84K,"1337 W 43rd St, Houston, TX 77018, United States",Servers Fit,A100,desktop_discrete,NVIDIA,Not stated,,USD,Listed_price,in_stock,100,Not stated,Call transcript,medium,"“100 available in refurbished condition at the price of $22,000” / later bulk discussion explicitly mentions “A100s”"
1,Princess,9/9/2026,W6I84K,"1337 W 43rd St, Houston, TX 77018, United States",Servers Fit,L40S,desktop_discrete,NVIDIA,Not stated,,USD,Listed_price,in_stock,150,Not stated,Call transcript,high,"“L40s available as well for the price of $8,000 in new condition” / “around 150 units that are ready to ship”"
1,Princess,9/9/2026,W6I84K,"1337 W 43rd St, Houston, TX 77018, United States",Servers Fit,GeForce RTX 4080,desktop_discrete,NVIDIA,Not stated,,USD,Listed_price,in_stock,Not stated,Not stated,Call transcript,high,"“we do a 4080 as well” / “NVIDIA is the source RTX” / “the price is like, you know, $3,000”"
1,Princess,9/9/2026,W6I84K,"1337 W 43rd St, Houston, TX 77018, United States",Servers Fit,GeForce RTX 4070,desktop_discrete,NVIDIA,Not stated,,USD,Listed_price,in_stock,Not stated,Not stated,Call transcript,low,"User asks “how about the 4070?” / agent says “RTX 70” and “those are available as well at a price of $1,300.”"
1,Princess,9/9/2026,NRNNDM,"14215 San Pedro Ave, San Antonio, TX 78232, United States",Altex Computers & Electronics,GeForce RTX 5070,desktop_discrete,NVIDIA,Gigabyte,489.0,USD,Listed_price,in_stock,9,Not stated,Call transcript,high,“I got a Gigabyte for $489. I got nine of those ready to go.”
1,Princess,9/9/2026,NRNNDM,"14215 San Pedro Ave, San Antonio, TX 78232, United States",Altex Computers & Electronics,GeForce RTX 5070,desktop_discrete,NVIDIA,MSI Shadow X3,489.0,USD,Listed_price,in_stock,4,Not stated,Call transcript,high,“I've got the MSI Shadow X3. It looks like there's four across my company for also $489.”
1,Princess,9/9/2026,NRNNDM,"14215 San Pedro Ave, San Antonio, TX 78232, United States",Altex Computers & Electronics,GeForce RTX 5070,desktop_discrete,NVIDIA,ASUS TUF Gaming OC,849.0,USD,Listed_price,in_stock,3,Not stated,Call transcript,high,"“the Asus TUF Gaming OC for $849 as well, and there's three across the company.”"
1,Princess,9/9/2026,NRNNDM,"14215 San Pedro Ave, San Antonio, TX 78232, United States",Altex Computers & Electronics,GeForce RTX 5080,desktop_discrete,NVIDIA,ASUS Prime,,USD,Listed_price,in_stock,5,Not stated,Call transcript,high,"“The ASUS Prime is $1,699 and there's five across the company.”"
1,Princess,9/9/2026,NRNNDM,"14215 San Pedro Ave, San Antonio, TX 78232, United States",Altex Computers & Electronics,GeForce RTX 5080,desktop_discrete,NVIDIA,MSI Shadow X3,,USD,Listed_price,in_stock,2,Not stated,Call transcript,high,"“the other one is $1,599, and there's only two across the company.” / Previous sentence identifies the other version as “the Shadow X3 from MSI.”"
1,Princess,9/9/2026,NRNNDM,"14215 San Pedro Ave, San Antonio, TX 78232, United States",Altex Computers & Electronics,Radeon RX 9060,desktop_discrete,AMD,ASRock Challenger,509.0,USD,Listed_price,in_stock,11,Not stated,Call transcript,high,"“The 9060, I only stock one version of. It's gonna be the ASRock, the Challenger.” / “Those are 509, and there's 11 across the company.”"
1,Princess,9/9/2026,NRNNDM,"14215 San Pedro Ave, San Antonio, TX 78232, United States",Altex Computers & Electronics,Radeon RX 9070 XT,desktop_discrete,AMD,ASUS Prime,849.0,USD,Listed_price,in_stock,2,Not stated,Call transcript,low,“It looks like we stock three different versions of that one. We've got the ASUS Prime.” / “I only have two of across the company at $849.”
1,Princess,9/9/2026,NRNNDM,"14215 San Pedro Ave, San Antonio, TX 78232, United States",Altex Computers & Electronics,Radeon RX 9070 XT,desktop_discrete,AMD,Sapphire Pulse,849.0,USD,Listed_price,in_stock,4,Not stated,Call transcript,low,"“There's the Sapphire Pulse, which there's four across the company at $849.”"
1,Princess,9/9/2026,NRNNDM,"14215 San Pedro Ave, San Antonio, TX 78232, United States",Altex Computers & Electronics,Radeon RX 9070 XT,desktop_discrete,AMD,ASRock White,769.0,USD,Sale_price,in_stock,9,Not stated,Call transcript,low,"“a couple stragglers of the ASRock white one for $769 on sale right now, and there's nine across the company.”"
1,Princess,9/9/2026,KUJDSA,"7502 N Loop 1604 W, San Antonio, TX 78249, United States",Altex,GeForce RTX 5070,desktop_discrete,NVIDIA,MSI Shadow,850.0,USD,Approximate_price,in_stock,1,Not stated,Call transcript,medium,"“we tend to carry the MSI Shadow, MSI Tempest, and Gigabyte” / “Currently, we only have one of each” / user confirms “850 dollar” and agent responds “850”"
1,Princess,9/9/2026,KUJDSA,"7502 N Loop 1604 W, San Antonio, TX 78249, United States",Altex,GeForce RTX 5070,desktop_discrete,NVIDIA,MSI Tempest,850.0,USD,Approximate_price,in_stock,1,Not stated,Call transcript,medium,"“we tend to carry the MSI Shadow, MSI Tempest, and Gigabyte” / “Currently, we only have one of each” / price discussion around “850”"
1,Princess,9/9/2026,KUJDSA,"7502 N Loop 1604 W, San Antonio, TX 78249, United States",Altex,GeForce RTX 5070,desktop_discrete,NVIDIA,Gigabyte,850.0,USD,Approximate_price,in_stock,1,Not stated,Call transcript,medium,"“we tend to carry the MSI Shadow, MSI Tempest, and Gigabyte” / “Currently, we only have one of each” / price discussion around “850”"
1,Princess,9/9/2026,KUJDSA,"7502 N Loop 1604 W, San Antonio, TX 78249, United States",Altex,GeForce RTX 4080,desktop_discrete,NVIDIA,ASUS Prime,,USD,Listed_price,in_stock,1,Not stated,Call transcript,high,"“we do have the ASUS Prime, that is $1,700” / “I actually have two”"
1,Princess,9/9/2026,KUJDSA,"7502 N Loop 1604 W, San Antonio, TX 78249, United States",Altex,GeForce RTX 4080,desktop_discrete,NVIDIA,MSI Shadow,,USD,Listed_price,in_stock,1,Not stated,Call transcript,high,"“we also have the Shadow, that is $1,600” / “I actually have two”"
1,Princess,9/15/2026,3ZJDUL,"5500 S Redwood Rd, Suite 203, Taylorsville, UT 84123",TamDoUS,GeForce RTX 5060,desktop_discrete,NVIDIA,MSI,320.0,USD,Listed_price,in_stock,1,Not stated,Call transcript,medium,"“But now we have 50[60].” / “MSI?” / “320 dollars.” / “Right now, we still have one.”"
1,Princess,9/10/2026,VJR0W0,"35 E 11400 S, Sandy, UT 84070",Best Buy,GeForce RTX 5060 Ti,desktop_discrete,NVIDIA,PNY,499.99,USD,Listed_price,in_stock,Not_stated,Not stated,Call transcript,high,“Available at the GeForce RTX 5060 Ti with 8GB of memory… This one is from NVIDIA and PNY. And the price is $499.99.”
1,Princess,9/10/2026,VJR0W0,"35 E 11400 S, Sandy, UT 84070",Best Buy,GeForce RTX 5060,desktop_discrete,NVIDIA,PNY,449.0,USD,Listed_price,in_stock,2,Not stated,Call transcript,high,"“The PNY 5060, the price is $449” / “there is two units that they have available.” Inventory was at Jordan Landing Boulevard."
1,Princess,9/10/2026,VJR0W0,"35 E 11400 S, Sandy, UT 84070",Best Buy,GeForce RTX 5070,desktop_discrete,NVIDIA,ASUS Prime,909.99,USD,Listed_price,in_stock,1,Not stated,Call transcript,high,“For the 5070… we have the ASUS Prime NVIDIA. And the price is $909.99. We have one unit of that.”
1,Princess,9/10/2026,VJR0W0,"35 E 11400 S, Sandy, UT 84070",Best Buy,GeForce RTX 5070 Ti,desktop_discrete,NVIDIA,Gigabyte,,USD,Listed_price,in_stock,1,Not stated,Call transcript,high,"“One unit of the Gigabyte NVIDIA RTX 5070 Ti” / “They have one, and the price is $1,249 and 99 cents.” Inventory was at South Lake City."
1,Princess,9/10/2026,VJR0W0,"35 E 11400 S, Sandy, UT 84070",Best Buy,GeForce RTX 5080,desktop_discrete,NVIDIA,Not stated,,USD,Listed_price,in_stock,Not_stated,Not stated,Call transcript,medium,"“50-80, 50-80, 50-80, $1,699” / later: “All the way to the 5080 only, not the 5090.”"
1,Princess,9/10/2026,VJR0W0,"35 E 11400 S, Sandy, UT 84070",Best Buy,GeForce RTX 5090,desktop_discrete,NVIDIA,MSI,,USD,Not_stated,out_of_stock,Not_stated,Not stated,Call transcript,high,“It doesn't inventory for the MSI NVIDIA 5090” / “that one is not in stock in even nearby stores.”
1,Princess,9/10/2026,VJR0W0,"35 E 11400 S, Sandy, UT 84070",Best Buy,Radeon RX 9070 XT,desktop_discrete,AMD,Gigabyte,929.0,USD,Listed_price,in_stock,Not_stated,Not stated,Call transcript,high,“we have that one in stock for the Gigabyte Radeon RX 9070 XT. The price is $929.”
1,Jecirie,9/9/2026,DOOIW6,"11910 Meridian E, #D, Puyallup, WA 98373",Computer Citi,GeForce RTX 5060,desktop_discrete,NVIDIA,Not stated,700.0,USD,Listed_price,in_stock,1,Not stated,Call transcript,low,"“700, okay. And how many stocks do you have available?” / “The one.” The transcript does not clearly identify the brand/variant, and the model-to-price connection is somewhat unclear."
